entry,exit,ret,days
2017-01-23,2017-04-10,-0.010273460989014938,54
2017-05-22,2017-08-22,-0.018068834674605294,64
2017-10-05,2018-02-22,0.05200191403227117,92
2018-05-11,2018-07-19,0.010150419913870445,49
2018-08-10,2018-08-23,-0.011210015896273573,9
2018-08-29,2018-11-05,-0.038750474304507954,45
2019-03-06,2019-06-04,-0.05930118117690575,57
2019-07-24,2019-08-14,-0.051499466674897465,14
2019-09-30,2020-02-26,0.023550995044726353,97
2020-06-01,2021-05-14,0.2615016689534442,232
2021-09-15,2021-12-13,-0.06056050555204828,59
2022-04-20,2022-05-13,-0.050334961729085914,13
2022-06-08,2022-07-05,-0.06381064483992582,19
2022-07-29,2022-10-06,-0.030755954359459325,46
2022-11-28,2023-01-04,-0.08727839690469497,25
2023-02-21,2023-09-01,0.17964035170743742,131
2023-10-03,2023-10-05,-0.030575001922414136,2
2023-11-28,2024-05-15,0.14609718553591855,111
2024-07-05,2024-08-13,-0.13716695244438815,25
2024-10-22,2025-03-03,-0.036698954848895404,86
2025-05-30,2026-04-08,0.43023265370754094,209
2026-04-20,2026-08-19,0.13245080737861348,81
